name,gender,address,phone,time
chengdu1,male,广东-东莞,0715-123456,2020年3月7日20时18分
chengdu2,male,广东-东莞,0715-123456,2020年3月7日20时18分
chengdu3,male,广东-东莞,0715-123456,2020年3月7日20时18分
chengdu4,male,广东-东莞,0715-123456,2020年3月7日20时18分
chengdu5,male,广东-东莞,0715-123456,2020年3月7日20时18分
chengdu6,male,广东-东莞,0715-123456,2020年3月7日20时18分
chengdu7,male,广东-东莞,0715-123456,2020年3月7日20时18分
chengdu8,male,广东-东莞,0715-123456,2020年3月7日20时18分
chengdu9,male,广东-东莞,0715-123456,2020年3月7日20时18分
chengdu10,male,广东-东莞,0715-123456,2020年3月7日20时18分
chengdu11,male,广东-东莞,0715-123456,2020年3月7日20时18分
chengdu12,male,广东-东莞,0715-123456,2020年3月7日20时18分
chengdu13,male,广东-东莞,0715-123456,2020年3月7日20时18分
chengdu14,male,广东-东莞,0715-123456,2020年3月7日20时18分
chengdu15,male,广东-东莞,0715-123456,2020年3月7日20时18分
chengdu16,male,广东-东莞,0715-123456,2020年3月7日20时18分
chengdu17,male,广东-东莞,0715-123456,2020年3月7日20时18分
chengdu18,male,广东-东莞,0715-123456,2020年3月7日20时18分
chengdu19,male,广东-东莞,0715-123456,2020年3月7日20时18分
chengdu20,male,广东-东莞,0715-123456,2020年3月7日20时18分
chengdu21,male,广东-东莞,0715-123456,2020年3月7日20时18分
chengdu22,male,广东-东莞,0715-123456,2020年3月7日20时18分
chengdu23,male,广东-东莞,0715-123456,2020年3月7日20时18分
chengdu24,male,广东-东莞,0715-123456,2020年3月7日20时18分
